 -- CREEREN VAN DE DATABANK
DROP DATABASE IF EXISTS dbmodernways;
CREATE DATABASE IF NOT EXISTS dbmodernways;
USE dbmodernways;

 -- AANMAAK VAN DE TABELLEN
CREATE TABLE PERSONEN (
	PERSOON_ID INTEGER PRIMARY KEY,
	VOORNAAM VARCHAR(100) CHARACTER SET  utf8mb4 NOT NULL,
    FAMILIENAAM VARCHAR(100) CHARACTER SET  utf8mb4 NOT NULL,
    GEBOORTEJAAR SMALLINT NOT NULL
  );
CREATE TABLE FILMS (
	FILM_ID INTEGER PRIMARY KEY,
    NAAM VARCHAR(100) CHARACTER SET utf8mb4 NOT NULL,
    JAAR SMALLINT NOT NULL
);
CREATE TABLE IMDBSCORES (
	FILMS_ID INTEGER NOT NULL,
    SCORE FLOAT(3,1) NOT NULL,
    FOREIGN KEY (FILMS_ID) REFERENCES FILMS (FILM_ID)
);
CREATE TABLE RATINGS (
	PERSONEN_ID INTEGER NOT NULL,
	FILMS_ID INTEGER NOT NULL,
	RATING FLOAT(3,1) NOT NULL,
	FOREIGN KEY (PERSONEN_ID) REFERENCES PERSONEN (PERSOON_ID),
	FOREIGN KEY (FILMS_ID) REFERENCES FILMS (FILM_ID)
);

-- VUL DE TABELLEN AAN MET JE DATA(PERSONEN)
INSERT INTO PERSONEN VALUES (
	1, 'An', 'Van Mol', '1981'
);
INSERT INTO PERSONEN VALUES (
	2, 'Leen', 'Marien', '1978'
);
INSERT INTO PERSONEN VALUES (
	3, 'Julie', 'Marien', '2004'
);
INSERT INTO PERSONEN VALUES (
	4, 'Yana', 'Marien', '2002'
);
INSERT INTO PERSONEN VALUES (
	5, 'Bart', 'Marien', '1980'
);
INSERT INTO PERSONEN VALUES (
	6, 'Elyne', 'Marien', '2002'
);
INSERT INTO PERSONEN VALUES (
	7, 'Johan', 'Verbeeck', '1959'
);
INSERT INTO PERSONEN VALUES (
	8, 'Gerda', 'Van den Eynde', '1955'
);
INSERT INTO PERSONEN VALUES (
	9, 'Erna', 'Guldentops', '1956'
);
INSERT INTO PERSONEN VALUES (
	10, 'Tamara', 'Bataire', '1981'
);
INSERT INTO PERSONEN VALUES (
	11, 'Armand', 'Van Mol', '1951'
);
-- VUL DE TABELLEN AAN MET JE DATA(FILMS)
INSERT INTO FILMS VALUES (
1, 'Dirty Dancing', '1981'
);
INSERT INTO FILMS VALUES (
2, 'Top Gun', '1986'
);
INSERT INTO FILMS VALUES (
3, 'Rose Red', 2002
);
INSERT INTO FILMS VALUES (
4, 'Instinct', '2018'
);
INSERT INTO FILMS VALUES (
5, 'American History X', 1998
);
INSERT INTO FILMS VALUES (
6, 'Lord of the Rings', '2001'
);
INSERT INTO FILMS VALUES (
7, 'Harry Potter', '2001'
);
INSERT INTO FILMS VALUES (
8, 'Pirates of the Carribean', '2006'
);
INSERT INTO FILMS VALUES (
9, 'Shutter Island', '2010'
);
INSERT INTO FILMS VALUES (
10, 'Oceans 8', '2018'
);
INSERT INTO FILMS VALUES (
11, 'Extremely wicked, shokingly evil and vile', '2019'
);
INSERT INTO FILMS VALUES (
12, 'Wrong Bet', '1990'
);
INSERT INTO FILMS VALUES (
13, 'Transporter', '2002'
);
INSERT INTO FILMS VALUES (
14, 'Inception', '2010'
);
INSERT INTO FILMS VALUES (
15, 'Black Swan', '2010'
);
INSERT INTO FILMS VALUES (
16, 'The Hustle', '2019'
);
INSERT INTO FILMS VALUES (
17, 'Under Siege', '1992'
);
INSERT INTO FILMS VALUES (
18, 'Hard to Kill', '1990'
);
INSERT INTO FILMS VALUES (
19, 'Above the Law', '1988'
);
INSERT INTO FILMS VALUES (
20, 'Die Hard', '1988'
);
INSERT INTO FILMS VALUES (
21, 'The last witch hunter', '2015'
);
INSERT INTO FILMS VALUES (
22, 'Jumanji', '1995'
);
INSERT INTO FILMS VALUES (
23, 'Officer and a Gentleman', '1982'
);
INSERT INTO FILMS VALUES (
24, 'Sister Act', '1992'
);
INSERT INTO FILMS VALUES (
25, 'Message in a Bottle', '1999'
);
INSERT INTO FILMS VALUES (
26, 'Ever After', '1998'
);
INSERT INTO FILMS VALUES (
27, 'Me before You', '2016'
);
INSERT INTO FILMS VALUES (
28, 'Rambo', '1982'
);
-- VUL DE TABELLEN AAN MET JE DATA(IMDBSCORES)
INSERT INTO IMDBSCORES VALUES (
	1,'7.0' 
);
INSERT INTO IMDBSCORES VALUES (
	2,'6.9' 
);
INSERT INTO IMDBSCORES VALUES (
	3,'6.8' 
);
INSERT INTO IMDBSCORES VALUES (
	4,'6.6' 
);
INSERT INTO IMDBSCORES VALUES (
	5,'8.5' 
);
INSERT INTO IMDBSCORES VALUES (
	6,'8.8' 
);
INSERT INTO IMDBSCORES VALUES (
	7,'7.6' 
);
INSERT INTO IMDBSCORES VALUES (
	8,'7.3' 
);
INSERT INTO IMDBSCORES VALUES (
	9,'8.1' 
);
INSERT INTO IMDBSCORES VALUES (
	10,'6.2' 
);
INSERT INTO IMDBSCORES VALUES (
	11,'6.6' 
);
INSERT INTO IMDBSCORES VALUES (
	12,'6.2' 
);
INSERT INTO IMDBSCORES VALUES (
	13,'6.8' 
);
INSERT INTO IMDBSCORES VALUES (
	14,'8.8' 
);
INSERT INTO IMDBSCORES VALUES (
	15,'8.0' 
);
INSERT INTO IMDBSCORES VALUES (
	16,'5.4' 
);
INSERT INTO IMDBSCORES VALUES (
	17,'6.5' 
);
INSERT INTO IMDBSCORES VALUES (
	18,'5.8' 
);
INSERT INTO IMDBSCORES VALUES (
	19,'6.0' 
);
INSERT INTO IMDBSCORES VALUES (
	20,'8.2' 
);
INSERT INTO IMDBSCORES VALUES (
	21,'6.0' 
);
INSERT INTO IMDBSCORES VALUES (
	22,'7.0' 
);
INSERT INTO IMDBSCORES VALUES (
	23,'7.0' 
);
INSERT INTO IMDBSCORES VALUES (
	24,'6.4' 
);
INSERT INTO IMDBSCORES VALUES (
	25,'6.3' 
);
INSERT INTO IMDBSCORES VALUES (
	26,'7.0' 
);
INSERT INTO IMDBSCORES VALUES (
	27,'7.4' 
);
INSERT INTO IMDBSCORES VALUES (
	28,'7.7' 
);
-- VUL DE TABELLEN AAN MET JE DATA(RATINGS)
INSERT INTO RATINGS VALUES (
1, 1, '9.8'
);
INSERT INTO RATINGS VALUES (
1, 2, '8.5'
);
INSERT INTO RATINGS VALUES (
1, 3, '8.1'
);
INSERT INTO RATINGS VALUES (
2, 4, '8.8'
);
INSERT INTO RATINGS VALUES (
2, 5, '9.5'
);
INSERT INTO RATINGS VALUES (
2, 6, '10'
);
INSERT INTO RATINGS VALUES (
3, 1, '9.5'
);
INSERT INTO RATINGS VALUES (
3, 7, '9.0'
);
INSERT INTO RATINGS VALUES (
3, 8, '9.6'
);
INSERT INTO RATINGS VALUES (
4, 9, '9.7'
);
INSERT INTO RATINGS VALUES (
4, 10, '8.9'
);
INSERT INTO RATINGS VALUES (
4, 11, '8.3'
);
INSERT INTO RATINGS VALUES (
5, 12, '7.5'
);
INSERT INTO RATINGS VALUES (
5, 13, '8.1'
);
INSERT INTO RATINGS VALUES (
5, 14, '9.0'
);
INSERT INTO RATINGS VALUES (
6, 9, '9.5'
);
INSERT INTO RATINGS VALUES (
6, 15, '8.0'
);
INSERT INTO RATINGS VALUES (
6, 16, '8.3'
);
INSERT INTO RATINGS VALUES (
7, 17, '9.0'
);
INSERT INTO RATINGS VALUES (
7, 18, '9.5'
);
INSERT INTO RATINGS VALUES (
7, 19, '8.5'
);
INSERT INTO RATINGS VALUES (
8, 20, '9.0'
);
INSERT INTO RATINGS VALUES (
8, 21, '8.5'
);
INSERT INTO RATINGS VALUES (
8, 22, '9.5'
);
INSERT INTO RATINGS VALUES (
9, 23, '9.0'
);
INSERT INTO RATINGS VALUES (
9, 24, '9'
);
INSERT INTO RATINGS VALUES (
9, 25, '10'
);
INSERT INTO RATINGS VALUES (
10, 1, '9.0'
);
INSERT INTO RATINGS VALUES (
10, 26, '8.0'
);
INSERT INTO RATINGS VALUES (
10, 27, '9.5'
);
INSERT INTO RATINGS VALUES (
11, 20, '8.5'
);
INSERT INTO RATINGS VALUES (
11, 28, '8.0'
);
INSERT INTO RATINGS VALUES (
11, 17, '8.5'
);


/* Oefening 1
USE dbmodernways;
SELECT AVG(GEBOORTEJAAR) AS 'Gemiddelde geboortejaar' FROM PERSONEN;
  */

/*Oefening 2
 USE dbmodernways;
SELECT DISTINCT (FAMILIENAAM) AS 'Familienaam', COUNT(*) AS 'Aantal familieden'
FROM personen
GROUP BY FAMILIENAAM  */

/*Oefening 3
 USE dbmodernways;
SELECT DISTINCT (FAMILIENAAM) AS 'Familienaam', COUNT(*) AS 'Aantal familieden', AVG(YEAR(CURDATE()) - GEBOORTEJAAR) AS 'Gemiddelede leeftijd'
FROM personen
GROUP BY FAMILIENAAM;  */

/* Oefening 4
USE dbmodernways;
SELECT FILM_ID, NAAM, JAAR, IMDBSCORES.FILMS_ID, IMDBSCORES.SCORE
FROM FILMS
JOIN IMDBSCORES ON FILMS.FILM_ID=IMDBSCORES.FILMS_ID;
  */
  
/* Oefening 5
USE dbmodernways;
SELECT PERSONEN_ID, FILM_ID, RATING, FILMS.FILM_ID, FILMS.NAAM, FILMS.JAAR
FROM RATINGS
JOIN FILMS ON RATINGS.FILMS_ID=FILMS.FILM_ID
ORDER BY PERSONEN_ID ASC;
  */
  
/*Oefening 6
USE dbmodernways;
SELECT PERSONEN_ID, FILM_ID, RATING, FILMS.FILM_ID, FILMS.NAAM, FILMS.JAAR, PERSONEN.VOORNAAM, PERSONEN.FAMILIENAAM, PERSONEN.GEBOORTEJAAR
FROM RATINGS
JOIN FILMS ON RATINGS.FILMS_ID=FILMS.FILM_ID
JOIN PERSONEN ON RATINGS.PERSONEN_ID= PERSONEN.PERSOON_ID
ORDER BY PERSONEN_ID ASC;
   */
   
/* Oefening 7
USE dbmodernways;
SELECT PERSONEN_ID, FILM_ID, RATING, FILMS.FILM_ID, FILMS.NAAM, FILMS.JAAR,IMDBSCORES.FILMS_ID, IMDBSCORES.SCORE,PERSONEN.PERSOON_ID, PERSONEN.VOORNAAM, PERSONEN.FAMILIENAAM, PERSONEN.GEBOORTEJAAR
FROM RATINGS
JOIN FILMS ON RATINGS.FILMS_ID=FILMS.FILM_ID
JOIN IMDBSCORES ON RATINGS.FILMS_ID=IMDBSCORES.FILMS_ID
JOIN PERSONEN ON RATINGS.PERSONEN_ID= PERSONEN.PERSOON_ID
ORDER BY PERSONEN_ID ASC;
 */
 
/* Oefening 8
USE dbmodernways;
SELECT FILMS.NAAM AS 'Film', concat(VOORNAAM," ", FAMILIENAAM) AS 'Recensent', RATINGS.RATING, IMDBSCORES.SCORE AS 'IMDB rating'
FROM PERSONEN
JOIN RATINGS ON PERSONEN.PERSOON_ID=RATINGS.PERSONEN_ID
JOIN FILMS ON RATINGS.FILMS_ID=FILMS.FILM_ID
JOIN IMDBSCORES ON RATINGS.FILMS_ID=IMDBSCORES.FILMS_ID
ORDER BY concat(VOORNAAM," ", FAMILIENAAM);
  */
  
/* Oefening 9
USE dbmodernways;
SELECT concat(VOORNAAM," ", FAMILIENAAM) AS 'Recensent', AVG(RATING), AVG (IMDBSCORES.SCORE) AS 'IMDB rating', AVG(ABS(RATINGS.RATING - IMDBSCORES.SCORE)/IMDBSCORES.SCORE*100)
FROM PERSONEN
JOIN RATINGS ON PERSONEN.PERSOON_ID=RATINGS.PERSONEN_ID
JOIN IMDBSCORES ON RATINGS.FILMS_ID=IMDBSCORES.FILMS_ID
GROUP BY concat(VOORNAAM," ", FAMILIENAAM)
ORDER BY AVG(ABS(RATINGS.RATING - IMDBSCORES.SCORE)/IMDBSCORES.SCORE*100) ASC;
*/

/* Oefening 10  
USE dbmodernways;
SELECT FILMS.NAAM AS 'film', COUNT(DISTINCT RATINGS.RATING) AS 'Aantal keer beoordeeld', IMDBSCORES.SCORE AS 'IMDB rating'
FROM RATINGS
JOIN FILMS ON RATINGS.FILMS_ID= FILMS.FILM_ID
JOIN PERSONEN ON RATINGS.PERSONEN_ID = PERSONEN.PERSOON_ID
JOIN IMDBSCORES ON RATINGS.FILMS_ID = FILMS.FILM_ID
GROUP BY FILMS.NAAM
ORDER BY RATINGS.RATING ASC, IMDBSCORES.SCORE DESC;
*/